"game_seed","encounter_id","replicate_seed","search_budget_per_decision","particle_count","attempted_public_decisions","sampler_supported_decisions","all_decisions_sampler_supported","first_unsupported_category","first_unsupported_decision_index","first_failure_category","first_failure_decision_index","fully_supported_completed_battle","outcome_if_fully_supported","trial_wall_seconds_including_setup","battle_wall_seconds","native_public_action_steps","total_shared_search_simulations"
"1","CULTIST","17","96","32","15","15","True",,,,,"True","win","6.321589222","6.317283529","15244","1440"
"1","CULTIST","17","384","32","13","13","True",,,,,"True","win","23.351223352","23.350847657","53582","4992"
"1","CULTIST","101","96","32","13","13","True",,,,,"True","win","5.812174661","5.811804865","14106","1248"
"1","CULTIST","101","384","32","9","9","True",,,,,"True","win","17.372863319","17.372455342","41597","3456"
"1","CULTIST","1009","96","32","10","10","True",,,,,"True","win","4.514725576","4.514273476","11001","960"
"1","CULTIST","1009","384","32","14","14","True",,,,,"True","win","22.366005015","22.36563014","53099","5376"
"2","CULTIST","17","96","32","11","11","True",,,,,"True","win","3.79549885","3.795213454","9674","1056"
"2","CULTIST","17","384","32","14","14","True",,,,,"True","win","17.679400476","17.679070946","44571","5376"
"2","CULTIST","101","96","32","14","14","True",,,,,"True","win","4.432314836","4.432009222","11144","1344"
"2","CULTIST","101","384","32","12","12","True",,,,,"True","win","15.898482477","15.898003967","39846","4608"
"2","CULTIST","1009","96","32","14","14","True",,,,,"True","win","4.948055402","4.947663736","12449","1344"
"2","CULTIST","1009","384","32","16","16","True",,,,,"True","win","21.400251069","21.399893105","53950","6144"
"3","SMALL_SLIMES","17","96","32","42","42","True",,,,,"True","win","17.40515485","17.404656368","38352","4032"
"3","SMALL_SLIMES","17","384","32","29","29","True",,,,,"True","win","37.837997117","37.837530039","84765","11136"
"3","SMALL_SLIMES","101","96","32","34","34","True",,,,,"True","win","15.350584651","15.350170852","33473","3264"
"3","SMALL_SLIMES","101","384","32","27","27","True",,,,,"True","win","42.348622794","42.348157237","93630","10368"
"3","SMALL_SLIMES","1009","96","32","30","30","True",,,,,"True","win","13.226692597","13.22610337","29143","2880"
"3","SMALL_SLIMES","1009","384","32","27","27","True",,,,,"True","win","37.91816859","37.917740725","86392","10368"
"4","JAW_WORM","17","96","32","9","9","True",,,,,"True","win","3.563291899","3.56292011","8975","864"
"4","JAW_WORM","17","384","32","11","11","True",,,,,"True","win","17.235964358","17.235599161","43706","4224"
"4","JAW_WORM","101","96","32","13","13","True",,,,,"True","win","5.13797244","5.137612984","12997","1248"
"4","JAW_WORM","101","384","32","15","15","True",,,,,"True","win","19.751404235","19.750996017","50281","5760"
"4","JAW_WORM","1009","96","32","20","20","True",,,,,"True","win","6.469279804","6.468811595","16836","1920"
"4","JAW_WORM","1009","384","32","15","15","True",,,,,"True","win","20.146655528","20.146225469","50758","5760"
"5","JAW_WORM","17","96","32","17","17","True",,,,,"True","win","8.33428838","8.333712567","20583","1632"
"5","JAW_WORM","17","384","32","20","20","True",,,,,"True","win","22.930039447","22.929618385","56851","7680"
"5","JAW_WORM","101","96","32","16","16","True",,,,,"True","win","6.936281647","6.935811403","17107","1536"
"5","JAW_WORM","101","384","32","14","14","True",,,,,"True","win","20.333280368","20.332874455","50582","5376"
"5","JAW_WORM","1009","96","32","20","20","True",,,,,"True","win","6.183641387","6.183206439","15461","1920"
"5","JAW_WORM","1009","384","32","16","16","True",,,,,"True","win","22.902275827","22.90177259","57330","6144"
"6","CULTIST","17","96","32","17","17","True",,,,,"True","win","5.393632539","5.393151263","13298","1632"
"6","CULTIST","17","384","32","9","9","True",,,,,"True","win","16.551253221","16.550744154","40581","3456"
"6","CULTIST","101","96","32","17","17","True",,,,,"True","win","7.128660243","7.128162688","17401","1632"
"6","CULTIST","101","384","32","15","15","True",,,,,"True","win","23.341986497","23.341585072","57185","5760"
"6","CULTIST","1009","96","32","12","12","True",,,,,"True","win","5.01448455","5.014071995","12334","1152"
"6","CULTIST","1009","384","32","15","15","True",,,,,"True","win","21.048947552","21.048505511","51915","5760"
"7","CULTIST","17","96","32","12","12","True",,,,,"True","win","4.124632619","4.124231956","10765","1152"
"7","CULTIST","17","384","32","9","9","True",,,,,"True","win","12.744082722","12.74365663","32976","3456"
"7","CULTIST","101","96","32","13","13","True",,,,,"True","win","3.613230769","3.612858981","9391","1248"
"7","CULTIST","101","384","32","11","11","True",,,,,"True","win","12.986463797","12.986068834","33273","4224"
"7","CULTIST","1009","96","32","14","14","True",,,,,"True","win","4.115194747","4.114802068","10704","1344"
"7","CULTIST","1009","384","32","8","8","True",,,,,"True","win","11.384104818","11.383825873","29181","3072"
"8","SMALL_SLIMES","17","96","32","24","24","True",,,,,"True","win","10.673036165","10.672508512","23728","2304"
"8","SMALL_SLIMES","17","384","32","24","24","True",,,,,"True","win","31.627249216","31.626699201","70500","9216"
"8","SMALL_SLIMES","101","96","32","23","23","True",,,,,"True","win","10.102957143","10.102471028","22200","2208"
"8","SMALL_SLIMES","101","384","32","23","23","True",,,,,"True","win","32.456157439","32.455671095","73729","8832"
"8","SMALL_SLIMES","1009","96","32","22","22","True",,,,,"True","win","10.345742413","10.345185525","23484","2112"
"8","SMALL_SLIMES","1009","384","32","22","22","True",,,,,"True","win","39.333502371","39.33311897","88680","8448"
